Автор,Кол-во слов,,Общее количество слов
Агнаев Г,27731,,40111901
Агнаев Г,148464,,
Агнаев Г,152689,,
Агнаев Г,35419,,
Агнаев Г,28548,,
Агнаев Г,92267,,
Гастан Агнаев - Утро нового года - 1975,37355,,
Агниан - Напевы матери - 1978,31875,,
Агузаров А,88482,,
Агузаров А,96507,,
Агузаров А,155045,,
Агузаров А,183080,,
Агузаров А,29607,,
Абаев Э,13429,,
Агузаров Т,26512,,
Айларов А,92378,,
Айларов А,99128,,
Агузаров Т,28950,,
Агузаров С,84280,,
Агузаров Г,12904,,
Агузаров Г,11721,,
Айларов И,22895,,
Айларов И,134342,,
Айларов И,105648,,
Айларов И,108019,,
Айларов Ч,5865,,
Алдатов В,168877,,
Алдатов В,16646,,
Алборты Х,7420,,
Алборты Х,7461,,
Айларова З,65172,,
Акоев В,3943,,
Айларов Ч,29329,,
Айларов Ч,16227,,
Ахполов Д,5214,,
Ахболов Д,9579,,
Арнигон И,16520,,
Арнигон И,15944,,
Арнигон И,15101,,
Ардасенов Х,20248,,
Ардасенов Х,2996,,
Амбалов Цоцко - Духовные сокровища - 2009,242498,,
Бабочити Р,43275,,
Багаев В,6828,,
Бабочити Р,4473,,
Бадоев К,73468,,
Бадоев К,30160,,
Баграев Созур - Дверь сердца (стихи) - 1991,24951,,
Бадоев К,63744,,
Баграев С,27248,,
Баграев С,14579,,
Багаев В,13520,,
Бабаев В,13241,,
Бабочити Р,23288,,
Балаев Т,14653,,
Балаев Т,4473,,
Балаев А,3279,,
Бараков Г,34010,,
Бараков Г,105197,,
Бараков Х,6752,,
Балаев Т,14846,,
Балаев Т,10254,,
Бадоев К,115477,,
Бадоев К,77988,,
Бабаев В,49113,,
Бараков Г,107646,,
Басиев М,76962,,
Басиев М,78924,,
Басиев М,64750,,
Басиев М,21940,,
Бесаев Т,26432,,
Бесаев Т,83243,,
Бесаев Т,118607,,
Бекмурзов А,8600,,
Бекмурзов А,4893,,
Басиев М,10930,,
Бесати Т,60572,,
Бекмурзов А,27500,,
Беджызаты Ч,133284,,
Беджизати Ч,130493,,
Беджизати Ч,26899,,
Басиев М,1703,,
Басиев М,93810,,
Бесаев Т,147279,,
Бесаев Т,25984,,
Бесаев Т,98138,,
Бекоев Е,67392,,
Бекоев Е,68509,,
Бекоев Е,41711,,
Бекоев Е,71254,,
Бесаев Т,85479,,
Бесаев Т,52515,,
Бесаев Т,45677,,
Бесаев Т,30715,,
Бесаев Т,120937,,
Бесаев Т,92033,,
Бестауты Г,6463,,
Болаев А,106259,,
Боциты А,9688,,
Богазов У,116872,,
Богазов У,65279,,
Бицъоты Гриш - Уыцы баестаем нанамае (Роман),70812,,
Бицъоты Г,34418,,
Бицоев Г,76209,,
Бицоев Г,55466,,
Бицоев Г,35569,,
Бицоев Г,46143,,
Бицоев Г,146496,,
Бицоев Г,51951,,
Бицоев Г,105314,,
Бестауты Г,5567,,
Бестауты Г,7821,,
Бестаев Г,119608,,
Бестаев Г,84387,,
Бестаев Г,38883,,
Бестауты Г,0,,
Гадиев Цомак - Сочинения - 1959,93277,,
Галаванова Л,24407,,
Борис Гагиев - Дыхание дождя - 1980,6744,,
Гагиев Б,8267,,
Гагиев Б,2025,,
Гагиев Г,12605,,
Галуев А,38626,,
Галуев А,53122,,
Галуев А,4916,,
Галуев А,98494,,
Галуев А,5959,,
Галуев А,8510,,
Гасанов В,5138,,
Гагиев Г,24186,,
Гаглоев В,41096,,
Гаглойти В,0,,
Гаглоев В,63936,,
Гаглойты В,90987,,
Гаглойты В,185491,,
Гадаев Л,9166,,
Гадиев С,0,,
Гаглойты В,147060,,
Гадиев С,107222,,
Гадиев Сека - Произведения - 2000,56070,,
Сека Гадиев - Куртатинский лгун - 1991,1397,,
Гадиев С,118724,,
Гадиев С,115801,,
Гадиев Цомак - Избранные произведения - 1951,44576,,
Бритаев А,8648,,
Гетоев В,13899,,
Бритаев А,13004,,
Гасанов В,2688,,
Гадиев Ц,41848,,
Будайты М,12083,,
Бутаты-Хестанты П,58777,,
Бязиров Д,42460,,
Биазров Д,160778,,
Бязров Д,46775,,
Бязров Д,92479,,
Бязров Д,73155,,
Бязров Р,42674,,
Бязров Р,26669,,
Валиев Л,26976,,
Валиев Л,16973,,
Валиев Л,88960,,
Габулов М,43318,,
Габулов М,133975,,
Габулов М,68197,,
Гаджиты Барис - Нысан - 1994,14686,,
Гагиев Б,15500,,
Булкъаты М,110320,,
Булкаты М,131841,,
Булкаты М,58033,,
Булкаты М,73192,,
Булкаты М,96507,,
Бурнацев Б,48023,,
Бритаев С,14456,,
Бугулов Н,24674,,
Будаева М,77795,,
Будаева М,123313,,
Булкаев М,16652,,
Булкъаты И,44396,,
Булкаты М,60540,,
Булкаты М,90277,,
Бритаев А,19991,,
Бритаев А,12169,,
Бритаев Е,54951,,
Бритаев А,15617,,
Бритаев Е,88172,,
Бритаев Е,68536,,
Бритаев Е,59940,,
Гафез - Жизнелюб - 1974,25599,,
Гафез - Дыхание родной земли - 1980,64114,,
Гафез - Попутчики - 1986,132893,,
Гетоев В,19386,,
Гибизов О,17577,,
Гетоев В,0,,
Гибизов О,42584,,
Боциев Б,63462,,
Годзоев Х,8833,,
Гучмазты А,144542,,
Гучмазты А,205638,,
А,4399,,
Гулуев - Горное гнездовье - 1959,0,,
Дарчиев Д,8007,,
Гулуев А,10933,,
Гулуев А,2504,,
Дарчиев Д,10188,,
Дарчиев Д,36220,,
Гобозов В,46719,,
Дарчиев Д,11160,,
Гурдзибеев Б,23246,,
Гурдзибеев Б,15485,,
Гурдзибеев Б,7767,,
Гурдзибеев Б,58206,,
Гусалов Б,162965,,
Гусалов Б,102942,,
Гусалты Б,141792,,
Гусалов Б,138337,,
Гусалов Б,117988,,
Гучмазты А,45018,,
Гусалов Б,95688,,
Гучмазов М,51853,,
Гучмазты А,92958,,
Гучмазты А,85446,,
Гугкаев Ш,81926,,
Гугкаев Ш,121418,,
Гулуев А,9425,,
Гулуев А,14950,,
Гулуев А,10621,,
Гулуев А,11791,,
Гулуев А,13041,,
Гулуты А,21249,,
Гурдзибеев Б,7504,,
Гурдзибеев Б,95507,,
Дзесов К,34909,,
Дзесов К,28522,,
Джикаев Ш,10579,,
Джусойты М,7149,,
Джусоев М,8290,,
Дзесов К,95261,,
Джусойты Н,17178,,
Дзаболаты Х,6445,,
Джусойты Н,6869,,
Дзаболов Х,5268,,
Дзесов К,25744,,
Дзесов К,29645,,
Дзасохов М,6658,,
Дзасохты М,19388,,
Дзесов К,46059,,
Дзасохты М,3529,,
Дзбоев В,5893,,
Дзесов К,56768,,
Дзбоев В,12885,,
Дзесов К,16169,,
Дзесов К,24605,,
Дзасохты М,162089,,
Дзасохов М,18155,,
Дзасохов М,32162,,
Дзасохов М,164783,,
Дзасохов М,29235,,
Дзасохов М,27489,,
Дзасохов М,167631,,
Дзасохов М,5992,,
Дзасохов М,191128,,
Дзасохов М,53875,,
Дзасохов М,52239,,
Дзесов К,25156,,
Дзесов К,118436,,
Дзесов К,15980,,
Дзесов К,132375,,
Дзабаева-Кесаонова Т,64021,,
Дзаболов Х,27413,,
Дзасохов В,35190,,
Дзасохов М,11873,,
Дзасохов М,24090,,
Дзасохов М,10286,,
Дзасохов М,42,,
Дзасохов М,59986,,
Дзасохов М,46219,,
Дзасохов М,134845,,
Дзасохов М,155511,,
Дзасохов М,157552,,
Дзасохов М,146147,,
Дзасохты М,170297,,
Джимиева К,47988,,
Джиоева Е,69643,,
Джиоев Д,51439,,
Джусойты Н,51347,,
Нафи - Я родился в горах - 1960,10327,,
Джусойты Н,135472,,
Джусойты Н,236337,,
Нафи - Кровь предков - 2010,80773,,
Дзабаева-Кесаонова Т,29547,,
Дзабаева-Кесаонова Т,43100,,
Дзабаева Т,75083,,
Дзабаева-Кесаонова Т,69311,,
Дзабаева-Кесаонова Т,67996,,
Джатиев Т,118917,,
Джиджджойты С,7262,,
Джикаев Ш,68589,,
Джикаев Ш,43118,,
Джыккайты Шамил - Саст дзаенгаераег - 2000,34431,,
Джыккайты Шамил - Арт аемае аертхутаег,123331,,
Джиоев Д,18224,,
Джатиев Т,57229,,
Джатиев Т,100247,,
Джатиев Т,48800,,
Джатиев Т,100057,,
Джатиев Т,103190,,
Джатиев Т,68968,,
Джанаев С,49384,,
Джанаев С,23695,,
Джанаев С,36203,,
Джатиев Т,53063,,
Джатиев Т,64261,,
Джатиев Т,81898,,
Джатиев Т,83176,,
Джатиев Т,105544,,
Даура - Горы,53596,,
Дауыраты Д,3953,,
Дауров Д,110743,,
Дауров Д,84880,,
Дауров Д,112809,,
Дауров Д,12829,,
Дауров Д,14503,,
Дегоева С,77464,,
Дзесов К,21903,,
Дзесты К,56884,,
Дзесов К,23667,,
Даура - Боль души - 2015,31091,,
Даура - Дары приносящая - 2020,104382,,
Дзуццати Х,6072,,
Догузов Т,9724,,
Догузов Т,13415,,
Дзуццаты Х,5837,,
Дзуцев К,38896,,
Дзуцев К,55914,,
Дзуцев Э,30545,,
Дзуццати Х,11091,,
Доцоева З,20698,,
Дзуццаты Х,4558,,
Дзуццати Х,18192,,
Дзуцев Э,5764,,
Догузов Т,6811,,
Кабисов З,104079,,
Кабисов З,125803,,
Кабисов З,54474,,
Кадзаев С,17835,,
Кадзаев С,25360,,
Казбеков К,4235,,
Казбеков К,15039,,
Казбеков К,8206,,
Кадзаев С,15747,,
Казбеков К,6706,,
Кабисов В,40535,,
Кабисов В,36979,,
Икаев В,46502,,
Кабисов З,37385,,
Кабисов З,83408,,
Епхиев Т,52957,,
Епхиты Т,27695,,
Епхиев Т,25071,,
Епхиев Т,98136,,
Епхиев Т,123890,,
Икаев А,41632,,
Бабу Зангиев - Завещание - 2018,250163,,
Казбеков К,63491,,
Казбеков К,14076,,
Дудаев Г,25249,,
Кодзати А,6390,,
Кодоев А,10430,,
Кодоев А,14480,,
Козаев В,5715,,
Кодзати А,30226,,
Кодзати А,17485,,
Кодзати А,0,,
Кодзати А,19859,,
Казиев М,70797,,
Кодзати А,5455,,
Кодзати А,6406,,
Кодзати А,10050,,
Кодзати А,7345,,
Кибиров А,11719,,
Кодалаев Г,23649,,
Кодзати А,15837,,
Кодзати А,17856,,
Кодзати А,44122,,
Кодзати А,11249,,
Кодзати А,69156,,
Кодзати А,48371,,
Казиты М,75930,,
Хъазиты М,50553,,
Кауров Д,49392,,
Кесаев В,100275,,
Кибиров А,102143,,
Кочиев Т,3903,,
Кокайты Т,20377,,
Кокаев Т,8793,,
Кокайты Т,33775,,
Кокайты Т,26835,,
Колити В,13277,,
Колити Витали - Мае царди нивае - 2006,12009,,
Кокайты Т,18538,,
Короев Д,44176,,
Короев Д,57465,,
Коцоев А,53407,,
Коцоев А,52740,,
Коцоев А,150650,,
Коцоев А,175772,,
Калоев Х,11535,,
Кочиева Е,7405,,
Колити В,22526,,
Кочисов М,11597,,
Кочиев Т,3255,,
Малиев В,179871,,
Кокайты Т,23228,,
Кокайты Т,101923,,
Кубалов А,65169,,
Магометов А,80344,,
Кубалов А,10093,,
Магометов А,304773,,
Магометов А,123841,,
Магометов А,164466,,
Макиев Л,54375,,
Малиев Б,16842,,
Малиев Б,79134,,
Малиев Б,81527,,
Малиев В,65338,,
Малиев В,56260,,
Малиев Г,63596,,
Малиев Г,31531,,
Кочисов Р,7880,,
Малиев Георгий - Ираф - 1986,38507,,
Малиев В,5082,,
Кульчиев Б,4073,,
Магометов А,6201,,
Малиев Г,20786,,
Малиев В,116860,,
Малиев В,179871,,
Малиев В,23126,,
Малиев В,26190,,
Малиев В,100699,,
Малиев В,99101,,
Кочисова Р,6146,,
Кубалов А,46428,,
Малиев В,127203,,
Малиев Х,121587,,
Мамсуров Д,5856,,
Мамсуров Д,69707,,
Мамсуров Д,50442,,
Мамсуров Д,77049,,
Мамсуров Д,1277,,
Мамсуров Д,24301,,
Мамсуров Д,38275,,
Мамсуров Д,215855,,
Мамсуров Дабе - Гости (рассказы) - 1964,45624,,
Мамсуров Д,160811,,
Мамсыраты Т,7442,,
Мамукаев К,9380,,
Мамсуров Д,86325,,
Мамсуров Д,5925,,
Марзоев С,34116,,
Марзоев С,73304,,
Марзойты С,82475,,
Марзоев С,107297,,
Марзойты С,56390,,
Марзоев С,131760,,
Марзоев С,172338,,
Муртазов Б,10112,,
Муртазов Б,4601,,
Муртазов Б,24927,,
Миндиашвили С,23514,,
Муртазов Б,19067,,
Муртазов Б,12441,,
Мыртазты Б,14470,,
Мыртазты Б,12264,,
Накусова Н,5830,,
Нартикоев Г,27465,,
Нартикоев Г,48480,,
Нартикоев Г,60047,,
Нартикоев Г,117420,,
Нига - Думы матери - 1985,139929,,
Нигер - Избранные произведения - 1960,26500,,
Нигер - Думы Осетии - 1981,23281,,
Нигер - Произведения - 1988,80918,,
Нигер - Избранные произведения - 2019,113246,,
Нигер - Поэмы - 1946,9723,,
Нигер - Полное собрание сочинений,104648,,
Нигер - Полное собрание сочинений,123397,,
Плиев Г,7872,,
Нигер - Полное собрание сочинений,80286,,
Плиев Г,23860,,
Плиев Г,36148,,
Плиев Г,109729,,
Плиев О,36893,,
Плиты Грис - Сослан Цаеразон - 1993,125407,,
Плиев И,11706,,
Плиев И,60008,,
Плиев Ф,16364,,
Плиев Х,31456,,
Плиев Х,24659,,
Сабаев С,15220,,
Плиев Х,15047,,
Сабаев С,16193,,
Сабаев С,12052,,
Сабаев С,6096,,
Сабаев С,4366,,
Сабаев С,22025,,
Сабайте Сулейман - Дигори нана - 1993,11913,,
Сабаев С,7309,,
Сабаткоев Р,12487,,
Сабаткоев Р,24591,,
Сабатакоев Р,99452,,
Саламов Кола - Сармат и его сыновья - 1971,15903,,
Санакоев В,95934,,
Секинаев В,23388,,
Секинаев В,127574,,
Секинаев В,101951,,
Секинаев В,81727,,
Секинаев В,41666,,
Ситохов С,21131,,
Ситохов С,26363,,
Ситохов С,22617,,
Ситохов С,74868,,
Ситохов С,25831,,
Ситохаты С,12269,,
Ситохов С,101895,,
Ситохаты С,41238,,
Ситохов С,4907,,
Ситохов С,4281,,
Ситохов С,22170,,
Ситохов С,72933,,
Скифирон - Осколки вечной свирели - 1970,65477,,
Скодтаев А,22036,,
Скодтаев Э,20090,,
Скодтаев Э,40556,,
Тамаев К,14368,,
Скъодтати Э,122071,,
Сотиева Р,23422,,
Тавасиев Ф,122818,,
Тамати Т,32479,,
Тедеев Е,19611,,
Тедеты Е,8903,,
Тедеты Г,198297,,
Тедеты Е,9720,,
Темираев Д,80429,,
Темиряев Д,100281,,
Темиряев Д,57614,,
Тетцоев Т,9265,,
Темиряев Д,93233,,
Тетцоев Т,30538,,
Тетцоев Т,7310,,
Тетцоев Т,47880,,
Тетцойти Таймураз - Уадзимистае - 2008,23031,,
Техов В,40087,,
Худалов А,6105,,
Царукаев А,12715,,
Фарниев Дзибуш - Стрелы - 1968,4448,,
Техов В,61524,,
Тигиев Ю,4839,,
Тигиев Ю,4252,,
Тигиев Ю,20931,,
Фидараты Руслан - Ныхас - 2007,8925,,
Токаев А,37074,,
Токаев А,18204,,
Хаджеты Т,11943,,
Цаерукъаты А,33305,,
Хамицев А,10937,,
Хамицев А,3717,,
Харебов Л,12409,,
Царукаев А,12527,,
Хохоев Э,11536,,
Коста - Вселенная Отечество мое - 2014,14582,,
Хостикоева З,6702,,
Хетагуров К,14666,,
Хостикоева З,6758,,
Ходов К,6304,,
Хубецова Р,16988,,
Хохоев Э,8321,,
Хугаев С,6402,,
Царукаев А,34058,,
Худалов А,2764,,
Цагараев Г,6465,,
Цагараев М,99627,,
Цагараев М,5803,,
Тохов И,3660,,
Токаев А,21907,,
"Урумов П, - Нива моя - 1971",5803,,
Урумов П,7315,,
Цагараев М,59829,,
Цагараев М,80113,,
Цагараев М,140801,,
Цагараев М,141644,,
Цагараев М,15434,,
Цагараев М,21667,,
Цагараев М,91780,,
Цагараев М,151844,,
Цагараев М,26441,,
Цагараев М,143473,,
Цагараев М,82328,,
Худалов А,13502,,
Цагараев М,105899,,
Цагараев Гиго - Адаемы фарн - 1993,14240,,
Цагараев Гиго - Арфае - 1979,14482,,
Цагараев Гиго - Хурзаерин - 1983,18616,,
Хугаев С,38329,,
Хугаев С,10251,,
Хугаев С,133950,,
Хугаев С,60951,,
Хугаев С,84388,,
Хугаев С,164260,,
Хугаев С,131409,,
Хугаев С,85966,,
Хугаев С,54299,,
Хугаев С,148042,,
Хугаев С,183808,,
Хугаев Г,131672,,
Хугаев Г,118730,,
Хугаев Г,145736,,
Хугаев Г,62699,,
Хугаев Г,184786,,
Хохоев Э,84708,,
Хохоев Ф,87157,,
Хубецова Р,80933,,
Хубецова Р,76316,,
Хубецова Р,21329,,
Хугаев В,36304,,
Хугаев Г,68100,,
Хозиев Я,9705,,
Хостикоева З,16061,,
Хостикоева З,28692,,
Царукаев Т,6232,,
Цомаев Р,7804,,
Чеджемов А,4219,,
Чельдиева Н,7083,,
Хостикоева З,75870,,
Хостыхъон - Табуйаг - 1998,21568,,
Хохойти Ф,37602,,
Хетагуров К,22161,,
Иса Хуадонти - В большом городе - 2010 (1),57051,,
Ходов Камал - Своим чередом (стихи) - 1988,10495,,
Ходов К,62288,,
Ходов К,30914,,
Хетагуров К,42793,,
Хетагуров К,94107,,
Хетагуров К,13850,,
Хетагуров К,90828,,
Хетагуров К,141444,,
Хетагуров К,60894,,
Хетагуров К,87080,,
Хетагуров К,35422,,
Хетагуров К,49766,,
Хетагуров К,54658,,
Хетагуров К,21635,,
Хетагуров К,0,,
Хетагуров К,54186,,
Хетагуров К,8269,,
Къоста (Ирон аив дзырды хаезнатае) - 1979,64234,,
Хетагуров Д,3985,,
Хетагуров К,12987,,
Хетагуров Коста - Поэзия - 2015,16390,,
Переписка К,137719,,
Хетагуров К,9778,,
Хетагуров К,17581,,
Хачиров С,59280,,
Хачиров С,112587,,
Хачиров С,27124,,
Хачиров С,67557,,
Хетагуров Д,4652,,
Харебаты Л,32806,,
Хачиров С,134829,,
Харебаты Л,38030,,
Харебов Л,46665,,
Хаутов К,13852,,
Хаутов К,54141,,
Хацырты С,98076,,
Хачиров С,60703,,
Хамицаев Ц,94339,,
Хамицев А,33334,,
Хамицев Албег - Трусовская песня - 1993,16177,,
Хамицев А,16517,,
Хамицев А,73683,,
Харебаты Л,102484,,
Хадикова Ф,12942,,
Иса Хуадонти - В большом городе - 2010,57051,,
Хамицаев Ц,70432,,
Хамицаев Ц,85000,,
Хамицаев Ц,22952,,
Хамицаев Ц,88405,,
Хаблиев С,129706,,
Хаджеты Т,17952,,
Хаджеты Таймураз - Голос ветра (стихи) - 1987,6717,,
Хаджеты Т,28194,,
Хаджеты Т,23204,,
Хаджеты Т,78811,,
Хадикова Ф,47195,,
Хаблиев С,20907,,
Хаблиев С,27453,,
Хаблиев С,43739,,
Хаблиев С,59871,,
Хетагурова Н,68003,,
Хетагурова Н,137763,,
Хаеблиаты С,123133,,
Урумов П,16375,,
Фарниев Дз,58848,,
Фарниев Дз,24583,,
Фарниев Дз,17830,,
Фарнион - Произведения - 2018,68766,,
Фарнион К,45926,,
Коста Фарнион - Шум бури - русский перевод - 2018,69755,,
Томаева М,22212,,
Томаева М,40729,,
Томаева М,24474,,
Тохов И,13452,,
Туаев Д,22611,,
Туаев Д,117657,,
Туаев Д,97607,,
Царукаев В,8837,,
Туаев С,41919,,
Токаев А,63309,,
Токаев А,71920,,
Токаев А,109537,,
Токаев А,67928,,
Токаев А,65713,,
Токаев А,80616,,
Шанаев У,19045,,
Шанаев У,28951,,
Шанаев У,41178,,
Шанаев У,41130,,
Шанаев У,37342,,
Шанаева Е,63034,,
Царукаев А,18002,,
Цомартов И,167048,,
Цховребова М,50603,,
Цомартов И,146397,,
Цховребова М,171856,,
Чеджемов А,27619,,
Чеджемты А,59536,,
Чеджемты Аехсар - Арвы дидинаег,26071,,
Чеджемты Г,76520,,
Черчесов К,36207,,
Чехоев С,42958,,
Чехоев С,32641,,
Чехоев С,19341,,
Чочиев Р,61877,,
Шавлохов М,17310,,
Царукаев В,8837,,
Чочиев Р,93633,,
Цгоев Х,28239,,
Цгоев Х,75122,,
Цгоев Х,87882,,
Цгоев Х,33938,,
Цгоев Х,54975,,
Цирихов М,27088,,
Цирихов М,13931,,
Цомаев Р,60658,,
Цомаев Р,5705,,
Цомартов И,115105,,
Цомартов И,34933,,
Цомартов И,132806,,
Цомартов И,134655,,
Цомартов И,85687,,